{
  "model_type": "xgboost",
  "optimal_threshold": 0.7799999999999997,
  "hyperparameters": {},
  "timestamp": "2025-11-09T19:28:14.227322",
  "metrics": {
    "train": {
      "f1_score": 0.9386084583901774,
      "precision": 0.884318766066838,
      "recall": 1.0,
      "roc_auc": 0.9999980281285274,
      "pr_auc": 0.998798427629712,
      "true_negatives": 198975,
      "false_positives": 45,
      "false_negatives": 0,
      "true_positives": 344
    },
    "val": {
      "f1_score": 0.7450980392156863,
      "precision": 0.7215189873417721,
      "recall": 0.7702702702702703,
      "roc_auc": 0.973376980985957,
      "pr_auc": 0.81203852987162,
      "true_negatives": 42625,
      "false_positives": 22,
      "false_negatives": 17,
      "true_positives": 57
    },
    "test": {
      "f1_score": 0.8368794326241135,
      "precision": 0.8805970149253731,
      "recall": 0.7972972972972973,
      "roc_auc": 0.9458404310331716,
      "pr_auc": 0.8220270377978848,
      "true_negatives": 42640,
      "false_positives": 8,
      "false_negatives": 15,
      "true_positives": 59
    }
  },
  "random_seed": 42,
  "train_size": 199364,
  "val_size": 42721,
  "test_size": 42722,
  "acceptance_status": "PASSED"
}